33891,Vegetable Spring roll (100 gm),Local
33944,Jhotpot Chicken Sausages - 34 gm,Local
33947,Jhatpot Chicken Singara-70 gm,Local
33948,Jhotpot Vegetable Singara - 100gm,Local
34801,Singara & Samosa (Assorted)- 12 pcs,Local
34803,Piazu (20 gm),Export
34804,Vegetable chop(20 gm),Export
34805,Chicken pop corn -150 gm,Local
34806,Chicken mini spring roll (200 gm) -25 pcs,Local
34807,Tandoori Nan (425 gm) - 05 pcs,Export
34808,Chicken Wonton  (300 gm) - 10 pcs,Local
34809,Onion Paratha (400 gm) -05 pcs,Export
34810,Mini Beef Spring roll (200 gm) -25 pcs,Local
34811,Mini Beef Samosa (250 gm) -25 pcs,Local
34812,Chicken  Samosa-400 gm,Local
34813,Vegetable Singara-700gm,Local
34814,Chicken Spring Roll-400 gm,Local
34815,Beef mini Samosa-500 gm,Local
34817,Lal Atta Roti-480gm-12pcs,Local
34818,Chicken Strips (250 gm),Local
34819,Deshi Paratha-20pcs,Local
34820,White Meat Ball - 1000 gm(bulk),Local
34823,Pasty sheet (480 gm ) -30 pcs,Local
34824,Paratha (400 gm) - 05pcs,Export
34825,Paratha (1600 gm)-20 pcs,Export
34830,Jhatpot Chicken Samosa-70 gm,Local
34831,Jhatpot Chicken spring roll-80gm,Local
34832,Jhotpot Vegetable Spring Roll - 80gm,Local
34833,Patato Chop - 45gm,Export
34834,Piazo - 40gm,Export
34836,Vegetable Spring Roll - 300gm,Local
34837,Chicken Samosa - 300gm,Local
34838,Vegetable Samosa - 300gm,Local
34839,Premium Parata - 650gm,Local
34845,Nun Gora  (800 gm) - 40 pcs,Local
34846,Pasty sheet (240 gm ) -15 pcs,Export
46981,"Golpo ( Paratha 10 pcs pack, French Fry, Nuggets)",Export
34848,Nun Gora (800 gm) - 40 pcs-new,Export
34849,Chicken meat Ball (250 gm) - 10 pcs,Local
34850,Jhotpot Chicken Samosa - 80gm-new,Local
34851,Jhotpot Chicken Spring Roll - 100gm-new,Local
34852,Jhotpot Vegetable Spring Roll - 80gm-new,Local
34853,Jhotpot Chicken Singara - 80gm-new,Local
34854,Jhotpot Vegetable Singara - 100gm-new,Local
34855,Chicken Sausages-340 gm,Local
34856,Patato Chop - 40gm,Local
34857,Egg Chop - 80gm,Local
34858,Piazo - 40gm-20pack,Local
34859,Chicken Burger Patty - 50gm,Local
34860,Aloo Paratha - 125 gm,Local
34861,Egg Paratha - 125 gm,Local
34862,Egg Chop - 80gm-New,Local
34863,Potato Chop (400 gm) -10 pcs,Local
34864,Egg Chop (400 gm) -5 pcs,Local
34865,Fish Ball (200 gm) - 10 pcs,Local
34871,Chicken Fry (Crispy),Local
34872,Chicken meatball-250gm,Local
34873,Beef Koliza Singara 400gm,Local
34874,Chicken sausage -250 gm,Local
34879,Chicken Sausage 1000 gm,Local
34890,Jhatpot Chicken Momo- 400 gm,Local
34891,Jhatpot Chicken Cutlet- 200gm,Local
35533,Vegetable paratha -250 gm,Local
35534,Beef Burger patty- 200 gm,Local
35539,Chicken Burger patty- 200 gm,Local
47900,Jhatpot Chicken Nuggets (Hot & Spicy) 240 gm,Local
35541,Mini chicken samosa,Local
35543,Chicken Burger patty- 200 gm-New,Local
35544,Jhatpot Iftar Pack,Local
35547,Vegetable paratha -2 pcs,Local
35548,Deshi Paratha-10pcs,Local
35549,Mini Singara (Vegetable) -20 pcs,Local
35550,Paratha (Regular pack) -5 pcs,Local
35551,Paratha (Family pack) - 20 pcs,Local
35552,Dal Puri (454 gm) -10 pcs,Local
35553,Aloo Puri (454 gm) -10 pcs,Local
35554,Aloo Paratha (250 gm) -02 pcs,Local
35555,Paratha-Low Fat Pack-10pcs,Local
36140,Jhotpot Paratha (80gm x 30 pcs x 6Box),Export
36141,Jhotpot Dal Puri (22gm x 20 pcs x 20Box),Export
36142,Jhotpot Aloo Puri (22gm x 20 pcs x 20 Box),Export
36143,Jhotpot Samosa (8gm x 50pcs x 20Box),Export
36144,Jhotpot Singara (22 gm x 20 pcs x 20 Box),Export
36145,Jhotpot Spring Roll (8 gm x 50 pcs x 20Box),Export
36151,Jhotpot Rice Roti 40gm (10pcs X 10Box),Export
36152,Jhotpot Roti Chapati 50gm (20pcs X 10Box),Export
36339,Dubbo Paratha (2400g x 6pack),Export
36341,Dubbo Aloo Puri (454 gm x 20 Pack),Export
36342,Dubbo Dal Puri (454 gm x 20 Pack),Export
36343,Dubbo Vegetable Samosa (400 gm x 20 Pack),Export
36344,Dubbo Vegetable Singara (400 gm x 20 Pack),Export
36345,Dubbo Vegetable Spring Roll (400 gm x 20 Pack),Export
36346,Dubbo Mini Vegetable Samosa (400 gm x 20 Pack),Export
36347,Dubbo Mini Vegetable Singara (400 gm x 20 Pack),Export
36348,Dubbo Mini Vegetable Spring Roll (400gm x 20Pack),Export
36349,Dubbo Roti Chapati (1000gm x 10Pack),Export
36379,Jhotpot Spring Roll & Samosa (15gm X 100pcs),Export
36402,Karan's Vegetable Spring Roll (400gm x 20Pack),Export
36403,Karan's Mini Vegetable Spring Roll (400gm x 20Pack,Export
36404,Karan's Mini Vegetable Singara  (400gm x 20Pack),Export
36405,Karan's Paratha (2400g x 6pack),Export
36406,Karan's Paratha (1300g x 6pack),Export
36407,Karan's Dal Puri (454gm x 20Pack),Export
36408,Karan's Vegetable Samosa (400gm x 20Pack),Export
36409,Karan's Vegetable Singara (400gm x 20Pack),Export
36410,Karan's Mini Samosa (400gm x 20Pack),Export
36411,Karan's Mini Dal Puri (454gm x 20Pack),Export
36437,Asian foods Vegetable Samosa (80gm X 120pcs),Export
36438,Asian foods Aloo Tikka (40gm X 240pcs),Export
36439,Asian foods Pakora (15gm X 480pcs),Export
36503,Maxim Vegetable Spring Roll (400gm x 20Pack),Export
36504,Maxim Paratha (2000g x 6pack),Export
36505,Maxim Dal Puri (454gm x 20Pack),Export
36506,Maxim Vegetable Samosa (400gm x 20Pack),Export
36507,Maxim Vegetable Singara (400gm x 20Pack),Export
36508,Maxim Mini Dal Puri (454gm x 20Pack),Export
36509,Maxim Mini Aloo Puri (454gm x 20Pack),Export
36510,Maxim Aloo Puri (454gm x 20Pack),Export
36524,Taza Kachur Mukhi (400gm × 24 Pack),Export
36525,Taza  Green Olive (400gm × 24 Pack),Export
36526,Taza Lal Saag (400gm × 24 Pack),Export
36527,Taza Data (400gm × 24 Pack),Export
36528,Taza Califlower (400gm × 24 Pack),Export
36529,Taza Seem (400gm × 24 Pack),Export
36633,Taza Frozen Green Chilli (300gm X 24poly),Export
36634,Taza Frozen Kachur Lati (300gm X 24poly),Export
36635,Taza Frozen Kachur Mukchi (300gm X 24poly),Export
36636,Taza Frozen Lal shag (300gm X 24poly),Export
36637,Taza Frozen Been seed (300gm X 24poly),Export
36638,Taza Frozen Seem (300gm X 24poly),Export
36653,Jhotpot Tandori Nan 425 gm X 10pack,Export
36717,TAZA DATA 300gm X 24pcs,Export
36738,Jhotpot Rosh Malai (500gm X 12pack),Export
36739,Jhotpot Cham cham (500gm X 12pack),Export
36740,Jhotpot Khalojam (500gm X 12pack),Export
36741,Jhotpot Roshgolla (500gm X 12pack),Export
36746,OZ FRESH KACHUR MUKHI (300gm X 24pcs),Export
36747,OZ FRESH LAL SAAG (300gm X 24pcs),Export
36748,OZ FRESH DATA (300gm X 24pcs),Export
36749,OZ FRESH GREEN CHILLI (300gm X 24pcs),Export
36750,OZ FRESH KACHUR LATI (300gm X 24pcs),Export
36751,OZ FRESH BEEN SEED (300gm X 24pcs),Export
36752,OZ FRESH OKRA (300gm X 24pcs),Export
36753,OZ FRESH GREEN PEA (300gm X 24pcs),Export
36759,PALONG SHAK (300gm X 24pcs),Export
36760,RADISH MULA (300gm X 24pcs),Export
36761,GREEN PEA (300gm X 24pcs),Export
36800,PRAN Jhotpot Aloo Samosa (50 gm X 25 pcs),Export
36801,PRAN Jhotpot Aloo Samosa-Hot & spicy (50gm X 25pcs,Export
36803,MEXIM SINGARA (400GM X 20PCS),Export
36804,MEXIM POTATO CHOP (454GM X 20PCS),Export
36805,MEXIM ROTI CHAPATI (1000GM X 10PCS),Export
36806,MEXIM RICE FLOUR ROTI (400GM X 20PCS),Export
36807,MEXIM PANJABI SAMOSA HOT (1500GM X 6PCS),Export
36808,MEXIM ROSHMALAI (400GM X 20PCS),Export
36809,MEXIM CHAM CHAM (400GM X 20PCS),Export
36810,MEXIM KALOJAM (400GM X 20PCS),Export
36811,MEXIM ROSHGOLLA (400GM X 20PCS),Export
36812,TAZA FROZEN POTOL (300GM X 24PCS),Export
36813,TAZA FROZEN KAKROL (300GM X 24PCS),Export
36814,TAZA FROZEN GREEN PEA (300GM X 24PCS),Export
36825,TAZA Potol 400gm X 24pcs,Export
36826,TAZA Kakrol 400gm X 24pcs,Export
36831,DUBBO PANJABI VEG. SAMOSA HOT & SPICY (1500GM X 6P,Export
36832,DUBBO VEGETABLES SAMOSA (1500GM X 6PCS),Export
36833,DUBBO COCKTAIL(SAMOSA+SPRING ROLL) (1600GM X 6PCS),Export
36843,OZ FRESH FROZEN PARATHA (2400 GM X 6 P),Export
36844,OZ FRESH FROZEN ALOO PURI (454GM X 20 P),Export
36845,OZ FRESH FROZEN ALOO PURI- MINI (454GM X 20 P,Export
36846,OZ FRESH FROZEN DAL PURI (454GM X 20 P),Export
36847,OZ FRESH FROZEN DAL PURI- MINI (454GM X 20 P),Export
36848,OZ FRESH FROZEN VEGETABLE SINGARA (400GM X 20 P),Export
36849,OZ FRESH FROZEN VEGETABLE SINGARA -MINI (400GM X 2,Export
36850,OZ FRESH FROZEN VEGETABLE SAMOSA (400GM X 20 P),Export
36851,OZ FRESH FROZEN VEGETABLE SAMOSA -MINI (400GM X 20,Export
36852,OZ FRESH FROZEN VEGETABLE SPRING ROLL (400GM X 20,Export
36853,OZ FRESH FROZEN VEGETABLE SPRING ROLL-MINI (400GM,Export
36854,OZ FRESH FROZEN POTATO CHOP (400GM X 20 P),Export
36855,OZ FRESH FROZEN SPRING ROLL & SAMOSA COMBO (1500GM,Export
36856,OZ FRESH FROZEN ROTI CHAPATI (1000GM X 10 P),Export
36875,PRAN TAZA FROZEN GREEN MANGO (300GM X 24P),Export
36876,PRAN TAZA FRESH FROZEN OKRA (300GM X 24P),Export
36984,Red Rose Plain Paratha 1600 gm X 6pack,Export
36985,Taza Okra 400gm X 24pcs,Export
38027,Twister Hanger,Export
38037,Dinner Set,Export
38040,Potato Cracker Hanger,Export
38245,Zeros Hanger,Export
38299,Super Bucket 15 Liter (TEL),Export
38330,Vision Micro oven,Export
38370,Potatos Hanger,Export
38383,Hanger (Frooto 250 ml),Export
38691,Dubbo Rice Roti   (400 gm x 10 pcs),Export
38692,Dubbo Dal Puri -Mini     (454 gm x 20 pcs),Export
38693,Dubbo Aloo Puri -Mini  (454 gm x 20 pcs),Export
38694,Dubbo Singara    (750 gm x 12 pcs),Export
38775,Water Bottle,Export
38791,T-Shirt (Surjo),Export
38840,Italiano Dinner Set-20 pcs,Export
38977,Sales tracking card,Export
38979,Divine Jug 2 Ltr - Trans,Export
39037,Milk PVC Festoons,Export
39260,Asian foods Vegetable Samosa (40gm X 240pcs),Export
39261,Asian foods Palang Samosa (40gm X 240pcs),Export
39263,Asian foods Spring Roll (40gm X 240pcs),Export
39290,Asian Foods Samosa Chiness patty (400gm x 24pack),Export
39291,Asian Foods Spring Roll 22.5gm (450gm x 20pack),Export
39292,Red Rose Spring Roll 400gm X 20pack,Export
39293,Red Rose Aloo Puri 454gm X 20pack,Export
39294,Red Rose Dal Puri 454gm X 20pack,Export
39295,Red Rose Rice Flour Roti 400gm X 10pack,Export
39296,Red Rose Roti Chapati 1000 gm X 10pack,Export
39297,Red Rose Samosa 400gm X 20pack,Export
39298,Red Rose Singara 400gm X 20pack,Export
39307,BAY OF BENGLE DATA ( POUCH) (350gm X 24 pcs),Export
39308,BAY OF BENGLE GREEN MANGO(POUCH) (350gm X 24 pcs),Export
39309,BAY OF BENGLE POTOL(POUCH) (350gm X 24 pcs),Export
39310,BAY OF BENGLE KOCHUR LOTI (POUCH) (350gm X 24 pcs),Export
39311,TAZ DAL PURI (454 gm X 20 pcs),Export
39312,TAZ MINI DAL PURI (400 gm X 20 pcs),Export
39313,TAZ ALOO PURI (454 gm X 20 pcs),Export
39314,TAZ MINI ALOO PURI (400gm X 20 pcs),Export
39367,TAZA JACK FRUIT SEEDS (400gm X 24 pcs),Export
39402,Taza Green Olive 300gm X 24pcs,Export
39466,Quality Bites Paratha (400gm X 24 pcs),Export
39467,Quality Bites Paratha (1600gm X 6 pcs),Export
39468,Quality Bites  Dal Puri Mini (454gm X 20 pcs),Export
39469,Quality Bites  Aloo Puri Mini (454gm X 20 pcs),Export
39470,Quality Bites Vegetable Singara (400gm X 20 pcs),Export
39471,Quality Bites Noon Gora (800gm X 20 pcs),Export
39472,Taza Frozen veg. Green Mango (400gm X 24 pcs),Export
39473,Taza Frozen veg. Lati (400gm X 24 pcs),Export
39494,Taza Frozen Kachur lati (400gm X 24 pcs),Export
39495,Taza Frozen Been seed (400gm X 24 pcs),Export
39519,PRAN SAMOSA -1000 GM (40 GM X 25 PCS /Pouch),Export
39520,PRAN SPRING ROLL -1000 GM(40 GM X 25 PCS/Pouch),Export
39553,MEXIM ROTI CHAPATI 2000GM X 6pack,Export
39554,MEXIM  VEGETABLES SPRING ROLL & SAMOSA COMBO (1500gm X 6pack),Export
39626,PRAN TAZA GREEN MANGO SLICE (300GM X 24POUCH),Export
39629,Mughal Aromatic Rice (1 KG X 10pcs),Export
39638,PRAN CHILLI PICKLE  (GLASS JAR)(370 gm X 12 pcs),Export
39673,JAN Paratha 2400gm X 6pack,Export
39674,JAN RICE ROTI 400gm X 10pack,Export
39675,JAN ROTI CHAPATI 1000gm X 10pack,Export
39676,JAN Samosa 400gm X 20pack,Export
39677,JAN Singara 400gm X 20pack,Export
39678,JAN  Spring Roll 400gm X 20pack,Export
39679,JAN Aloo Puri 454gm X 20pcs,Export
39680,JAN Dal Puri 454gm X 20pack,Export
39681,JAN Dal Puri  mini 454gm X 20pack,Export
39682,TAZA Green Chilli 1kg X 10poly,Export
39723,Taza Frozen Korolla  (400 gm x 24 Pack),Export
39738,JAN  DATA  300gm X 24poly,Export
39739,JAN  GREEN CHILLI 300gm X 24poly,Export
39740,JAN OKRA 300gm X 24poly,Export
39741,JAN OSTA 300gm X 24poly,Export
39742,JAN PATOL 300gm X 24poly,Export
39743,JAN BEEN SEED 300gm X 24poly,Export
39744,JAN GREEN MANGO 300gm X 24poly,Export
39745,JAN  GREEN OLIVE  300gm X 24poly,Export
39746,JAN  KACHUR LATI 300gm X 24poly,Export
39747,JAN  KACHUR MUKHI 300gm X 24poly,Export
39748,JAN KOROLLA 300gm X 24poly,Export
39749,JAN  LAL SAAG  300gm X 24poly,Export
39778,PREMIUM FROZEN CASSAVA 2KG  x 10PACKS,Export
39787,RED ROSE  DATA  400gm X 24poly,Export
39788,RED ROSE KAKROL 400gmX24poly,Export
39789,RED ROSE KOROLLA 400gm X 24poly,Export
39790,RED ROSE BEEN SEED 400gm X 24poly,Export
39791,RED ROSE GREEN BEAN(Seem) 400gm X 24poly,Export
39792,RED ROSE GREEN CHILLI 400gm X 24poly,Export
39793,RED ROSE KACHUR MUKHI 400gm X 24poly,Export
39794,RED ROSE LAL SAAG  400gm X 24poly,Export
39934,Asian Foods Veg.Samosa(Reg.patty like 80gm)(40gmX10pX24PACK),Export
39935,Asian Foods Veg.Samosa(with Chana Dal)(40gm X10pX24PACK),Export
39936,PRAN Taza Frozen green chilli (400 gmx24 Pack),Export
39937,PRAN Taza Frozen Korolla (300 gmx24 Pack),Export
39938,PRAN Taza Frozen Jackfruit seed (400 gmx24 Pack),Export
39963,PRAN Paratha 1200gm 15pcs /pack x 6pack,Export
39964,PRAN Paratha 2000gm 25 pcs /packx6pack,Export
39965,Red Rose Jack Fruit Seeds 400 gmx24 Pack,Export
39966,Red Rose Kachur Lati 400 gmx24 Pack,Export
40043,C I Iron Scrap,Export
40049,Scrap-Wastage Paper Carton,Export
40050,Paper Bobbin,Export
40055,Scrap--Wastage Flour,Export
40072,Scrap-Plastic Suger Bag-50 kg (With Poly)- Ave,Export
40086,Wastage Polythine (Average),Export
40129,Iron Scrap,Export
40218,Rejected Pet Bottle,Export
40240,Rejected Drum (Plastic),Export
40270,Gas Cylinder,Export
40271,Wastage Polithine ( Dirty),Export
40277,M.S.Drum 205 Ltr,Export
40306,Reject Brunt Mobil,Export
40347,Reject Gas Cylinder,Export
40695,Empty Flour bag Plastic,Export
40806,Empty Flour bag Rat Cutter(Plastic),Export
40823,SS Kettle,Export
40841,Hand Pump (M/W),Export
40903,Empty Plastic Glucose Drun 300 kg Big Cap(Used),Export
40935,Empty Plastic Glucose Drum 165 kg,Export
40939,Micro Ink Tin Jar 20 KG,Export
40942,Ethyl Acetate MS Drum 180 KG,Export
41006,Fresh Broken Toast-250gm,Export
41098,Reject Paper Caton (Packmat),Export
41122,Scrap--Burned Soybean Oil(cafeteria),Export
41143,Broken Dry Cake-250gm,Export
41164,Empty Jute Bag (Ave) Size,Export
41177,Empty Orange Concentrate Drum 260 kg,Export
41179,Reject Cable Cut pcs silver,Export
41202,Nutural Cloudiness Flavour,Export
41222,Reject Khamir (R & D),Export
41235,Liquid Carbon DI Oxide,Export
41254,Xanthan gum,Export
41257,Empty Takenate Tin Jar 18 Kg  (Bad),Export
41265,KHURMA KHEJUR,Export
41318,REJECT BLUE CLOSURE,Export
41331,Bita ---Carrotine,Export
41347,Wastage Polythine Hi brush Dirty,Export
41355,Dextrose Monohydrate,Export
41459,Reject Pre-form Mix Color Burnt,Export
41475,Reject Dry fish,Export
41565,WASTAGE BROKEN TOAST,Export
41583,Coconut copra,Export
41731,Reject Panch Foron (Whole)MR,Export
41875,Reject Pre-Form Oskar,Export
41883,Scrap-MUSTARD OIL CAKE,Export
41886,Scrap ?Tamarind seed,Export
42021,Empty Plastic Drum 125 kg,Export
42115,Jar Handle 5 gm,Export
42133,Empty Cup Jelly Cup 20gm,Export
42140,Litchi Cup 12 gm,Export
42143,Stretch Film 29 µ,Export
42155,Foil School Tiffin Box-Bondhon,Export
42156,HSF For Mr.Noodles Mug,Export
42158,Sampling cup,Export
42160,Preform 29.81gm clear CSD conversion,Export
42161,Preform 29.81 gm green CSD conversion,Export
42177,Reject Pet Bottle Mixed Color,Export
42178,CPP25,Export
42235,PrintingFoil MATBOPP,Export
42822,PRAN Carton Shed Loading Bay-N,Export
42832,Takerhat Depot roof renovation work,Export
43121,"Teer Atta, Flour, Semolina",Export
43158,Dora Tiffin Box (Winner),Export
43166,Drinkit Water Purifier ? Blue,Export
43202,Jhalmuri Hanger,Export
43233,T-Shirt (Potato Cracker),Export
43313,T-Shirt (Potatos),Export
44141,"PFI Panel, 1800 KVAR",Export
44156,"COS Panel, 2000Amp",Export
44612,Fresh Potato-PABL,Export
44613,Fresh Potato (French Fry),Export
44614,Fresh Potato (CHIPS),Export
44754,Curing Room Scrap Shed Ext (New Pakmet Shed),Export
44952,PRAN Carton Shed Mezzanine,Export
44954,Substation Ext.,Export
45012,Mithai Gulab Jamun,Export
45058,Spicy chicken drumsticks- 1 pcs-DITF,Export
45173,Éclair Gift box Licorice flavor,Export
45449,Dark chocolate bar,Export
45503,ALL TIME Choco Vanilla  Bun 50gm-BML,Export
45551,Green chilli (400 gm x24 pack)-,Export
45552,Mixed vegetable(400 gm x 24 pack),Export
45553,Green Peas (400 gm x 24 pack),Export
45555,Jhatpot French Fries 2500 gm,Export
45556,Panjabi samosa 500 gm,Export
45557,Premium Paratha 10 Pcs-BM,Export
45558,Regular Paratha 05 Pcs-BM,Export
45559,Chicken Mini Samosa 250 GM (25 pcs x 10 gm)-BM,Export
45560,Chicken Mini Spring Roll 200 GM (25 pcs x 8 gm)-BM,Export
45561,Paratha- 65 gm x 20 pcs-BRAC,Export
45562,Paratha- 65 gm x 10 pcs ?BRAC,Export
45563,Paratha- 65 gm x 05 pcs-BRAC,Export
45564,Chicken wings & Drumsticks ? 500 gm,Export
45565,Jhatpot Jali kabab 30 gm x 10 pcs- 300 GM,Export
45749,White Vinegar 650ml-pet(NR)-(Intr.Company),Export
45902,Bushi- Chikon 55kg Bag,Export
45904,Wheat Flour-Premium,Export
45908,Wheat Flour- Classic,Export
46125,All Time Sandwich Cake (Butter Flavor)-BML,Export
46570,Mithai Chomchom 400 gm (Export. box),Export
46571,Mithai Roshgolla 400 gm (Export. box),Export
46572,Mithai Roshmalai 400 gm (Export. box),Export
46573,Mithai Kalojam 400 gm (Export. box),Export
46672,Samosa (Vegetable) -10 pcs-S,Export
46673,Singara (Vegetable) -10 pcs-S,Export
46815,Mini Pizza -100 gm,Export
46816,Hot dog -90 gm,Export
46817,Pizza (400 gm) - 04 pcs,Export
46818,Hotdog (360 gm) - 04 pcs,Export
46819,Biryani (500 gm),Export
46891,Jhatpot Smile Nuggets -300 gm,Export
46899,Premium Paratha 20 pcs,Export
46900,"Fun ( Chicken Mini Samosa, Spring Roll, Sausage Roll, Strips)",Export
46902,Koreana Fried Snacks  - 20 gm,Export
46971,"SET-2 (Chicken Samosa, Chicken Roll, Sauce)",Export
46973,Mini chicken samosa -250 gm-DITF,Export
47910,Jhatpot Vegetable Nuggets -300 gm,Export
46976,Chicken meat Ball (250 gm) - 10 pcs-DITF,Export
46977,Chicken sausages-340gm,Export
46978,Chicken Wonton  (300 gm) - 10 pcs-DITF,Export
46979,Chicken Burger patty- 200 gm--DITF,Export
46980,"Adda Package (Veg. Singara,Samosa,Spring Roll)",Export
48542,Jhotpot Chicken Nugget 1000 GM,Export
46982,Fish Ball (200gm)- 10 Pcs,Export
46983,"SET-1( Vegetable Singara, Samosa, Spring Roll, Sauce)",Export
46984,Jhatpot Fried rice and Spicy,Export
46825,Kids Nuggets (200 gm),Export
46986,Vegetable Singara-40 gm-10pcs,Export
46987,Vegetable Samosa-40gm -10 Pcs,Export
46988,Vegetable Spring Roll-40gm -Single,Export
46985,"Package-3 (Dal Puri, Nuggets, Veg. Roll, Sauce)",Export
46991,French Fry (120gm) & Sauce,Export
46992,White Meatball(5 pcs) & Sauce,Export
46993,Paratha (Premium pack) -10 pcs-DITF,Export
46994,Vegetable Spring Roll-DITF,Export
46995,Chicken mini spring roll (200 gm) -25 pcs-DITF,Export
46996,Spring Roll (Vegetable) -10 pcs-DITF,Export
46997,Dal Puri (454 gm) -10 pcs-DITF,Export
46998,Samosa (Vegetable) -10 pcs-DITF,Export
46999,Singara (Vegetable) -10 pcs-DITF,Export
47174,Mithai Gulab Jamun 1kg (CAN),Export
47189,Pran Gulab Jamun(Exportort),Export
47303,Premium Dates-10KG,Export
47304,SARRI Premium Dates-10KG,Export
47547,Staysafe Ultra Thin Wings -1800 pcs/ctn (Special),Export
47813,All Time Cream Roll 7 pcs box-F-New,Export
47878,Football Gum 12 pcs Chain-T,Export
47901,Jhatpot French fries 500 gm,Export
47902,Jhatpot French Fries ? 2500 gm,Export
47911,Jhatpot Vegetable Spring roll -500 gm,Export
47914,French Fry-500gm-DITF,Export
47932,Jhatpot Combo,Export
47940,Pran Chitoi Pitha- 400 gm-F,Export
47941,Pran Lotia  Sutki Vorta - 200 gm-F,Export
47942,Pran chingri  Sutki Vorta - 200 gm -F,Export
47943,Pran chepa Sutki Vorta - 200 gm -F,Export
47944,Pran Vapa Pitha   - 400 gm-F,Export
47945,Pran Puli Pitha  - 400 gm-F,Export
47946,Pran Gur Sandesh Pitha - 400 gm-F,Export
47947,Pran Choi Pitha- 360 gm-F,Export
47950,Pitha Package(Puli Pitha 40 + Vapa Pitha 100,Export
47952,Chicken Fry (Spicy) pack/13pcs,Export
47953,Chicken Masala Roll 01 pcs,Export
47986,Panjabi Samosa-80 gm x 10pcs,Export
47987,Jhatpot Chicken Samosa (400 gm),Export
47988,Jhatpot Chola 200 gm,Export
47989,Jhatpot Pastry sheet 480 gm -IC,Export
47994,Jhatpot Chola 1000 gm,Export
47995,Jhatpot Gilapi 1000 gm,Export
47998,Jhatpot Chingri Sutki 125 gm,Export
47999,Jhatpot Loitta Sutki 125 gm,Export
48013,APCL Face Mask,Export
48019,Activo Hand Rub -4 Ltr,Export
48042,Milk Man Mango Flavored Milk 200ml,Export
48120,Tasty Treat Roshmalai 1kg,Export
48221,Chicken Samusa-30g,Export
48227,Jhatpot Chicken Mini Samosa-400gm,Export
48245,BIRTHDAY PAPER CAP,Export
48246,BIRTHDAY BALLON SET,Export
48264,Mithai Chicken Nan 1 pc,Export
48265,Mithai Chicken Loaf 1 pc,Export
48266,Mithai Halua-1 Ruti-2 Sweets-1 (1 plate),Export
48267,Mithai Doi Chira Kola,Export
48268,Mithai Egg Khichuri,Export
48269,Mithai Chicken Khichuri,Export
48270,Mithai Fuchka,Export
48271,Jhatpot Egg Finger 300 gm,Export
48272,Jhatpot Chicken Paratha 500 gm,Export
48273,PRAN Mozzarella Cheese 200gm-FF,Export
48276,Mithai Chotpoti,Export
48277,Mithai Tanduri chicken,Export
48278,Mithai Chinese (Half),Export
48279,Mithai Chinese (Full),Export
48280,Mithai Mutton Tehari,Export
48281,Mithai Chow Mein,Export
48282,Mithai Chicken Gila Koliza,Export
48283,Mithai 3 layer Chick. sandwich,Export
48284,Mithai Nasi goreng,Export
48285,Mithai Corn Soup,Export
48286,Mithai Thai Clear Soup,Export
48287,Mithai Chicken Thai Soup,Export
48288,Mithai Chicken Vegetable Soup,Export
48289,Mithai Hot & Sour soup,Export
48290,Premium black coffee cake 1.5 kg,Export
48291,Vanilla Cake 1.5 Kg,Export
48292,Chocolated Coated  Cake 1.5Kg,Export
48293,Chocolate Lady Cake 1.5Kg,Export
48294,Black Forest  Cake 1.5Kg,Export
48295,Chocolate  Cake 1.5Kg,Export
48296,Cherry cake 1.5kg,Export
48297,Chocovanilla  Cake 1.5 Kg,Export
48298,Coffee  Cake 1.5 Kg,Export
48299,White Forest Cake 1.5 kg,Export
48311,Stick Gum 100pcs jar with foil,Export
48322,Premium White & Black Forest 1.5 kg,Export
48323,Premium Chocolate  Cake 1.5 kg,Export
48324,Premium Cake Vanilla 1.5 kg,Export
48325,Premium Chococoffee Cake 1.5 kg,Export
48326,American Baked Cheese Cake 1.5 kg,Export
48327,Premium Strawberry shortcake ?1.5 kg,Export
48328,Blueberry swirl cake- 1.5 kg,Export
48329,Choco cookie cake- 1.5 kg,Export
48330,Premium black coffee cake 2 kg,Export
48331,Vanilla Cake 2 Kg,Export
48332,Chocolated Coated  Cake 2Kg,Export
48333,Chocolate Lady Cake 2 Kg,Export
48334,Black Forest  Cake 2 Kg,Export
48335,Chocolate  Cake 2 Kg,Export
48336,Cherry cake 2 kg,Export
48337,Chocovanilla  Cake 2 Kg,Export
48338,Coffee  Cake 2 Kg,Export
48339,White Forest Cake 2 kg,Export
48340,Premium White & Black Forest 2 kg,Export
48341,Premium Chocolate  Cake 2 kg,Export
48342,Premium Cake Vanilla 2 kg,Export
48343,Premium Chococoffee Cake 2 kg,Export
48344,American Baked Cheese Cake 2 kg,Export
48345,Premium Strawberry shortcake ?2 kg,Export
48346,Blueberry swirl cake- 2 kg,Export
48347,Choco cookie cake- 2 kg,Export
48348,Premium black coffee cake 2.5 kg,Export
48349,Vanilla Cake 2.5 Kg,Export
48350,Chocolated Coated  Cake 2.5Kg,Export
48351,Chocolate Lady Cake 2.5Kg,Export
48352,Black Forest  Cake 2.5Kg,Export
48353,Chocolate  Cake 2.5Kg,Export
48354,Cherry cake 2.5kg,Export
48355,Chocovanilla  Cake 2.5 Kg,Export
48356,Coffee  Cake 2.5 Kg,Export
48357,White Forest Cake 2.5 kg,Export
48358,Premium White & Black Forest 2.5 kg,Export
48359,Premium Chocolate  Cake 2.5 kg,Export
48360,Premium Cake Vanilla 2.5 kg,Export
48361,Premium Chococoffee Cake 2.5 kg,Export
48362,American Baked Cheese Cake 2.5 kg,Export
48363,Premium Strawberry shortcake ?2.5 kg,Export
48364,Blueberry swirl cake- 2.5 kg,Export
48365,Choco cookie cake- 2.5 kg,Export
48373,Mithai Baklava 250 gm,Export
48374,Mithai Baklava 500 gm,Export
48392,Chicken harabara kabab 300 GM,Export
48541,Jhotpot Chicken Meat ball 1000 GM,Export
48543,Jhotpot Veg Mini singara 1000 GM,Export
48581,Jhotpot Chicken Momo 250gm,Export
48594,All Time Round Cream Bread (18pcsX1),Export
48659,Egg Finger Roll- 50gm,Export
48752,All Time Milk Bread-300 gm,Export
48951,whole chicken with skin( KG),Export
48952,Clean Skin  ( KG),Export
48954,BONELESS BREAST CHICKEN,Export
48955,BONELESS LEG CHICKEN,Export
48956,DRUM STICK CHICKEN,Export
48957,CHICKEN WINGS,Export
48969,Clean Gizzard/Liver,Export
48971,Drum Stick with skin,Export
49037,DAWN FROZEN SNACKS PARATHA 2400 gX 6 PACK,Export
49053,PRAN Deshi Vapa Pitha-400GM X 20pcs ATC BOX,Export
49054,PRAN Deshi Chitai Pitha-400GM X 20pcs ATC BOX,Export
49055,PRAN Gur Sondesh Pitha-400GM X 20pcs ATC BOX,Export
49056,PRAN Deshi Puli Pitha-400GM X 20pcs ATC BOX),Export
49108,JAN FROZEN SATKORA 300GMX24pcs(Pouch),Export
49172,PRAN TAZA FROZEN OSTA 300GM X 24pack (Foil Pack),Export
49200,Mexim Frozen Aloo Puri 454gm X 20Box,Export
49250,JAN Punjabi Samosa 75gm X 25pcs box X 6 Boxes/ctn,Export
49258,EASTER HUNT EGG CHOCOLATE BAG 1KGX10poly,Export
49259,MINI EGG CHOCOLATE BAG 200G X 24Bag,Export
49260,JAN Mini Aloo Puri 454gm X 20box,Export
49284,DUBBO VEGETABLE SAMOSA 80gm (800gmX12pack),Export
49295,TAZA Satkora 400gmX24pcs,Export
49307,PRAN Punjabi Samosa 900gm X 12Boxes/ctn,Export
49310,JAN FROZEN SEEM 300gmX24pack,Export
49314,Premium Deshi Style Paratha 2400 gm (30 pcs/pack)X 6pack,Export
49315,Mehwish Paratha 2400 gm (30 pcs/pack)X6pack,Export
49316,Mehwish Samosa 400 gm (10 pcs /pack)X20pack,Export
49463,Red Rose Green Olive 400gm X 24pack(Frozen Food),Export
49465,Pran Tatul Chutney (20gm X 420pcs) Export,Export
49473,PRAN Samosa Patty 480 gmX 20 Pack,Export
49474,PRAN Spring Roll Patty 480gmX20 Pack,Export
49504,MEXIM FROZEN OKRA CUT (300GMX24POUCH) PRINTED POUCH,Export
49505,MEXIM FROZEN GREEN OLIVE (300GMX24POUCH) PRINTED POUCH,Export
49506,MEXIM FROZEN KACHUR LATI (300GM X 24POUCH) PRINTED POUCH,Export
49507,MEXIM FROZEN KACHUR MUKHI (300GM X 24POUCH) PRINTED POUCH,Export
49508,MEXIM FROZEN GREEN HOT CHILLI (300GM X 24POUCH) PRINTED POUCH,Export
49509,MEXIM FROZEN KAKROL CUT (300GM X 24POUCH) PRINTED POUCH,Export
49510,MEXIM FROZEN GREEN MANGO (300GM X 24POUCH) PRINTED POUCH,Export
49511,MEXIM  FROZEN DUBLI (300GM X 24POUCH) PRINTED POUCH,Export
49512,MEXIM FROZEN SATKORA (300GM X 24POUCH) PRINTED POUCH,Export
49549,Mehwish Vegetable Spring Roll  400gmX20Pack,Export
49550,Mehwish Aloo puri 454gmX20Pack,Export
49551,Mehwish Dal puri 454gmX20Pack,Export
49568,JAN FROZEN KAKROL CUT (300GM X 24POUCH)- PRINTED POUCH,Export
49648,TAZA Jack Fruit Seeds 300gmX24Pack,Export
49693,PRAN ALOO PURI 454gmX20 Pack,Export
49694,PRAN DAL PURI 454gmX20 Pack,Export
49695,PRAN PARATHA 2400gmX6 Pack,Export
49696,PRAN SAMOSA 400gmX20 Pack,Export
49698,PRAN SINGARA 400gmX20 Pack,Export
49700,PRAN SPRING ROLL 400gmX20 Pack,Export
49709,Deshi Style Spring Roll 400 gmX20Pack,Export
49710,Premium Deshi Style Aloo Puri 454 gmX20Pack,Export
49711,Premium Deshi Style Dal Puri 454 gmX20Pack,Export
49712,Premium Deshi Style Flour Roti - 400gmX10 Pack,Export
49713,Premium Deshi Style Roti Chapati -1000gmX10 Pack,Export
49714,Premium Deshi Style Samosa 400 gmX20Pack,Export
49715,Premium Deshi Style Singara 400 gmX20Pack,Export
49741,7DAYS ALOO PURI 454 GM( 45 GMX10 PCS)X20pack,Export
49742,7 DAYS ALOO PURI MINI 454 GM (22.7 GMX20 PCS)X20pack,Export
49743,7 DAYS DAL PURI 454 GM (45.4 GMX10 PCS)X20pack,Export
49744,7 DAYS DAL PURI MINI 454 GM (22.7 GMX20 PCS)X20pack,Export
49745,7 DAYS VEGETABLE SPRING ROLL 400 GM(40GMX10 PCS)X 24pack,Export
49746,7 DAYS VEGETABLE SAMOSA 400 GM (40GMX10 PCS)X20pack,Export
49747,7 DAYS VEGETABLE SAMOSA MINI 400 GM (8GM X 50 PCS) X20pack,Export
49748,7 DAYS VEGETABLE SINGARA 400 GM (40GMX10 PCS)X20pack,Export
49749,7 DAYS VEGETABLE SINGARA MINI 400 GM (20GMX20 PCS)X20pack,Export
49750,7DAYS BEAN SEED  400 GMX24 PACK,Export
49751,7DAYS GREEN  BEAN 400 GMX24 PACK,Export
49752,7DAYS KACHUR LATI 400 GM X 24 PACK,Export
49753,7DAYS KACHUR MUKHI  400 GM X 24 PACK,Export
49754,7DAYS SATKORA 300 GM X 24 PACK,Export
49755,7DAYS KULSUM PARATHA (80 GM X 5 PCS) 400 GMX24pack,Export
49756,7DAYS KULSUM PARATHA(80 GM X 20 PCS) 1600 GMX 6pack,Export
49781,Premium Deshi Style Alo Paratha-2pcs/pack (250gmX20pcs),Export
49810,7DAYS PANJABI SAMOSA 800GM ( 80GMX10 PCS)X12pack,Export
49814,Mexim Pastry Sheet-480 g (16 gX30PCsX20 Packs),Export
50315,Chicken 9 pcs cut,Local
50351,Jhotpot French Fry 2.5 kg,Local
50352,Jhotpot Sausage roll -60gm X 6pcs = 360gm pack,Local
50355,Jhatpot Aloo Paratha 05 pcs,Local
50356,Jhatpot Paratha Low Fat 20pcs,Local
50913,Chicken Momo-30g,Local
50936,Jhatpot Potato Wedges 1kg,Local
51402,Chicken Sausage 340g -Regular,Local
51403,Vegetable Singara 1000g,Local
51404,Vegetable Samosa 1000g,Local
51405,Vegetable Spring Roll 1000g,Local
51406,Jhatpot Luchi 350g,Local
51407,Jhatpot Chicken Meatball-400g,Local
51408,Jhatpot Chicken Momo 1kg,Local
51409,Jhatpot Chicken Meatball-500g,Local
51410,Jhatpot Chocolate Spring Roll 1000g,Local
51411,Jhatpot Chocolate Spring Roll 300g,Local
51412,Jhatpot Chicken Lollipop 400g,Local
51414,Jhatpot Potato Wedges 500g,Local
51415,Jhatpot Chicken Sausage 250g,Local
51416,Jhatpot Gajar halwa 400g,Local
51417,Jhatpot Dal halwa 400g,Local
51418,Jhatpot Sausage Roll 1000g,Local
51419,Jhatpot Chicken Lollipop 1000g,Local
51420,Spicy Chicken 1 PC TF,Local
51421,French Fry 1 kg TF,Local
51422,Potato Wedges 1kg TF,Local
51425,Jhatpot Chicken Spring Roll 1000g,Local
51426,Jhatpot Chicken Wonton 1000g,Local
51427,Jhatpot Shrimp Samosa 250g-N,Local
51428,Jhatpot Shrimp Spring Roll 250g,Local
51430,DOHS Jhatpot Chicken Meat ball 1 Kg,Local
60347,Pran Chicken Nuggets 400g x 20pcs,Export
51432,DOHS Jhatpot Mini Chicken samosa 1 Kg,Local
51433,DOHS Jhatpot Chicken mini spring roll 1 Kg,Local
51434,DOHS Jhatpot French Fry 2.5 kg,Local
51436,Jhatpot Chicken Shami Kabab 250gm,Local
56068,PRAN Frozen Choi Pitha-400 gX20 Pouch,Export
56069,JAN Frozen Jackfruit Seed -300 g X 24 Pouch,Export
56070,JAN Frozen Vegetable Singara-400 g X 20 Box,Export
56107,Mexim Frozen Potol-300 g X 24 Pouch,Export
56109,Mexim Frozen Bean Seed-300 g X 24 Pouch,Export
56331,Pran Nun Gora (800gm)-40 pcs-Export,Export
56334,Premium Deshi Style Samosa&Spring Roll Combo Pack 1500gmX6pack,Export
56364,PRAN PARATHA 1600gmX6 Pack-Export,Export
56366,PRAN ALOO PURI 600gmX16Pack-Export,Export
56367,PRAN DAL PURI 600gmX16Pack-Export,Export
56368,PRAN SAMOSA 600gmX16Pack-Export,Export
56369,PRAN SINGARA 600gmX16Pack-Export,Export
56370,PRAN SPRING ROLL 600gmX16Pack-Export,Export
56380,Jhatpat Vegetable Spring Roll-1000 g  X 8 ATC Box (Export),Export
56400,Mughal Flattened Rice 500gm X 6Pack Export,Export
56404,7DAYS GREEN OLIVE 400 GM X 24 PACK,Export
56405,7DAYS JACKFRUIT SEEDS 400 GMX24 PACK,Export
56406,7DAYS LAL SHAK 400 GM X 24 PACK,Export
56433,PRAN Chepa Shutki Vorta 200gm X 24Box-Export,Export
56434,PRAN Chingri shutki vorta 200 gm x 24box-Export,Export
56435,PRAN Lotia shutki vorta 200 gm x 24 box-Export,Export
56475,JAN FROZEN PATI GUR 500 g X 12 POUCH,Export
56476,JAN FROZEN SHREDDED COCONUT 300 g  X 24 pouch,Export
56510,JAN Cocktail Vegetable Spring Roll-750 g X 12 Atc Box,Export
56511,JAN Cocktail Vegetable Samosa-750 g X 12 Atc Box,Export
56631,Crescent Paratha (80gm X 20 PCS) 1600 GM X 6pack,Export
56632,Crescent SAMOSA(40gm X 10 PCS) 400 GM X 20pack,Export
56633,Crescent SPRING ROLL (40gmX10 PCS) 400 GM X 20pack,Export
56642,PRAN GOLAB JAMUN 750 GM X 12 BOX,Export
56643,PRAN KALA JAMUN 750 GM X 12 BOX,Export
56644,PRAN RASH GULLA 750 GM X 12 BOX,Export
56645,PRAN CHAM CHAM 750 GM X 12 BOX,Export
56756,Popular ALOO PURI 454 GM ( 45 GM X 10 PCS) X 20pack,Export
56757,Popular DAL PURI 454 GM (45.4 GM X 10 PCS) X 20pack,Export
56758,Popular Paratha 960 gm (12pcs /pack)X12pack,Export
56759,POPULAR VEGETABLE SPRING ROLL  400 GM (40GM X 10 PCS) X 24pack,Export
56760,Popular Paratha 2000 gm (25pcs /pack) X 6pack,Export
56761,POPULAR VEGETABLE SAMOSA 400 GM (40GMX10 PCS)X 20pack,Export
56790,BAY OF BENGAL LAL SAAG 400 GMX24 PACK,Export
56791,TAZ ALOO PARATHA 250 GM X 20Pack,Export
56792,TAZ NUN GORA (20GM X 40 PCS) 800 GM X  10 BOX,Export
56793,TAZ PARATHA(80 GM X 20 PCS) 1600 GM X 6pack,Export
56794,TAZ RICE ROTI CHAPTI( 50 GM  X20 PCS) 1000 GM X 10Pack,Export
56795,TAZ SINGARA 400 GM (40GM X 10 PCS) X 20pack,Export
56796,Pattu Roti Paratha-1300 g(65 g X 20 Pcs) X 6 Pack,Export
56797,Pattu Roti Paratha-1950 g(65 g X 30 Pcs) X 6 Pack,Export
56831,PRAN Gobi Paratha-400 g X 24 Pack,Export
56832,PRAN Muli Paratha-400 g X 24 Pack,Export
56833,PRAN Red Atta Roti -500 g(50 g X 10 Pcs) X 10 Pack,Export
56834,PRAN Sheermal Baked Bun-600 g X 10 Pack,Export
56835,PRAN Taftan Baked Bun-600 g  X 10 Pack,Export
56837,PRAN PARATHA Complementary Pack (2 X 80gm)x 60pack,Export
56901,TAZA SHATKORA 300gm X 24Pack,Export
56902,PRAN ALOO PURI MINI 454 GM (22.7 GM X 20 PCS) X 20pack Export,Export
56903,PRAN DAL PURI MINI 454 GM (22.7 GM X 20 PCS) X 20pack Export,Export
56904,PRAN VEGETABLE SAMOSA MINI 400 GM (8GMX50 PCS)X20pack,Export
56905,PRAN VEGETABLE SINGARA MINI 400 GM (20GM X 20 PCS)X 20pack Export,Export
56906,PRAN VEGETABLE SPRING ROLL MINI 400GM(8GM X 50 PCS) X 20pack,Export
56926,LAZEEZ BARFI -500 GM X 12 BOX Export,Export
56927,LAZEEZ CHAM CHAM -500 GM X 12 BOX Export,Export
56928,LAZEEZ GULAB JAMUN -500 GM X 12 BOX Export,Export
56929,LAZEEZ KALA JAMUN -500 GM X 12 BOX Export,Export
56930,LAZEEZ GARLIC NAAN (5pcs) 425gmX10Pack Export,Export
56931,LAZEEZ ONION PARATHA(5pcs) 400gm X 24Pack Export,Export
56932,LAZEEZ PLAIN NAAN (5pcs) 425gm X 10Pack Export,Export
56933,LAZEEZ PLAIN PARATHA(5pcs) 400gm X 24Pack Export,Export
56934,LAZEEZ PLAIN PARATHA(30pcs) 2400gm X 6 Pack Export,Export
56935,LAZEEZ RASGULLA -500 GM X 12 BOX Export,Export
56936,LAZEEZ WHOLE WHEAT PARATHA(5pcs)400gmX24Pack Export,Export
56959,LAZEEZ Vegetable SPRING Roll 360gmX20ATC Export,Export
56960,PRAN METHI PARATHA 400gm X 24 Pack Export,Export
56961,LAZEEZ Vegetable Samosa 360gm X 20ATC Export,Export
56990,Mexim Wholemeal Paratha-1950 g X 6 Pouch,Export
56992,HUMZA PARATHA 400GM (80GM X 5PCS) X 12PACk,Export
56993,HUMZA PARATHA 1600GM (80GM X 20PCS) X 6PACk,Export
56994,HUMZA PUNJABI SAMOSA 500GM (50GM X 10PCS) X,Export
57027,PRAN SAMOSA 800 GM (80 GM X 10 PCS X 12 PACK),Export
57175,RED ROSE SATKORA (400 gm X 24 pack),Export
57179,RED ROSE FROZEN GUR (500 gm X 12 pcs),Export
57180,RED ROSE SHERRED COCUNUT (300 gm X 24 pcs),Export
57229,PRAN ROTI CHAPATI (1000 GM X 10 PCS),Export
57272,HUMZA VEGETABLE SAMOSA 650 GM (32.5 GM X 20 PCS X 10 POUCH),Export
57301,HUMZA VEGETABLE SAMOSA 1500 GM (30GM X 50PCS X 6POUCH)- (IMPORTED PASTRY SHEET),Export
57302,HUMZA VEGETABLE SAMUSA 650 GM (32.5 X20 X 15 POUCH)- (IMPORTED PASTRY SHEET),Export
57318,HUMZAVEGETABLE SPRINGROLL1500 GM (30GM X 50 X 6 POUCH),Export
57323,PRAN FROZEN GUR (500 GM X 12),Export
57324,PRAN SHERRED COCUNUT (300 GM X 24),Export
57389,Taza Chawala Paratha (30 pcs/pack)- (2400 gm X 6 Pouch),Export
57422,Premium Deshi Style Frozen Gur (500g x 12pcs),Export
57473,JAN FROZEN VEGETABLES SPRING ROLL 1000GM(12.5GMX80PCS ) Export,Export
57474,JAN FROZEN VEGETABLE SAMOSA 1000GM(12.5GMX80PCS ) Export,Export
57486,TATKA VEGETABLE SAMOSA (1000 g X 10pcs) - Trans. Pouch,Export
57487,TATKA ALOO PURI (454 GM X 20 ATC),Export
57489,TATKA VEGETABLE SPRING ROLL (400 GM X 20 ATC),Export
57490,TATKA TAZA KACHUR LATI (300GM X 24pouch)- Trans. Pouch,Export
57491,TATKA VEGETABLE SINGARA (400 GM X 20 ATC),Export
57492,TATKA MUGHAL PLAIN PARATHA (1600 g X 12pcs),Export
57493,TATKA DAL PURI (454 GM X 20 ATC),Export
57498,JAN SAMOSA & SPRING ROLL COMBO 1500GM(75GM X 20PCS),Export
57539,VEGETABLE SAMOSA (90 GM X 10 PCS X 12 PACK),Export
57545,JHOTPOT Spring Roll 400gm(10 pcs/pack)(400gX20pcs),Export
57555,PRAN Fruit Cocktail 250 ml X 24 pcs (TP),Export
57636,ALOO SAMOSA -400 GM (40 GM X 10 PCS),Export
57689,TAZ PARATHA (80 GM X 05 PCS/PACK)(400GMX24),Export
57706,Pran Vegetable Samosa 40g x 25pcs x 6 Pack,Export
57707,Pran Vegetable Singara 40g x 25pcs x 6 Pack,Export
57766,TAZ RICE FLOUR ROTI (40 GM x 10 PCS)400 GMX10 Box),Export
57767,TAZ ALO PARATHA (4PCS/PACK) - (500 GM X 10ATC Box),Export
57803,Pran Delight Tea Toast Biscuit 400g x 12pcs,Export
57832,SOUTH ASIAN ALOO PURI  454 gm ( 45.4 gm x 10 Pc),Export
57833,SOUTH ASIAN DAL PURI 454 gm ( 45.4 gm x 10 ps),Export
57834,SOUTH ASIAN DAL PURI MINI 454 gm ( 22.7 gmx20ps),Export
57835,SOUTH ASIAN SAMOSA 400 gm ( 40 gm x 10 pcs),Export
57836,SOUTH ASIAN SAMOSA MINI 400 gm( 8gm X 50 pcs/pack),Export
57837,SOUTH ASIAN SINGARA 400 gm ( 40 gm x 10 pcs),Export
57838,SOUTH ASIAN SINGARA MINI 400 gm(20gmX20pc/pack),Export
57839,SOUTH ASIAN JAMBOO PACK SPRING ROLL & SAMOSA 1500gm,Export
57840,SOUTH ASIAN RICE ROTI (40GMx10PC)400GM(Family PACK,Export
57841,SOUTH ASIAN ROTI CHAPATI 1000 GM  (Family pack),Export
57842,SOUTH ASIAN PARATHA 2400GM (80GMx30 PC)Family pack,Export
57843,SOUTH ASIAN CHOI PITHA  360 gm (30GM X 12PCS),Export
57844,SOUTH ASIAN GUR SHANDESH  400 gm (40GM x 10PCS),Export
57869,Premimum Classic Paratha (5 PCS) - (400 gm X 24pouch),Export
57871,Premium Classic Aloo Puri (10 pcs) -(454gmX20ATC),Export
57872,Premium Classic Samosa (10 pcs) - (400gm X20ATC),Export
57873,Premium Classic Singara (10 pcs)- (400 gmX20ATC),Export
57874,Premium Classic Spring Roll (10 pcs)- (400 gmX20 ATC),Export
57875,Premium Classic Singara Mini (20 pcs)- (400 gmX20 ATC),Export
57876,Premium Classic Samosa & Spring Roll combo pack,Export
57877,Premium Classic Paratha (30pc -(2400gm 6pouch),Export
57878,Premium Classic Dal Puri (10 pc)- (454gmX20ATC),Export
57932,Dwan WholeMeal Paratha  2400g x 30pcs x 6 Pack,Export
57963,HUMZA ONION PARATHA  80Gx5p (400 GM x 12 Pack),Export
57969,ASHOKA MALAYSIAN STYLE PLAIN PARATHA 80 GM X 30 PCS (2400 G X 6 PACK),Export
57970,ASHOKA MALAYSIAN STYLE PLAIN PARATHA 80 GM 15 PCS (1200 G X 6 PACK),Export
57972,Premium Deshi Style Paratha 80gX20p-(1600gX6pack),Export
58040,The Rose Samosa (10pcs/pack)- (400g X 20 Pack),Export
58041,The Rose Dal Puri (10pcs/pack)- (454g X 20 Pack),Export
58042,The Rose Aloo Puri (10pcs/pack)- (454g X 20 Pack),Export
58043,The Rose Spring Roll (10pcs/pack)- (400g X 20 Pack),Export
58044,The Rose Singara (10pcs/pack)- (400g X 20 Pack),Export
58045,The Rose Plain Paratha (30pcs/pack)(2400g X 6pack),Export
58046,The Rose Loti (400g X 24pack),Export
58047,The Rose Jack Fruit Seeds (400g X 24pack),Export
58048,The Rose Bean Seeds (Seem Bichi)- (400g X 24pack),Export
58129,KHUSI VEG. SOMOSA- 1000G (16.6G X 60 PCS ATC BOX),Export
58130,KHUSI VEG. SPRING ROLL-1000G (16.6G X 60P ATC BOX),Export
58136,HUMZA PARATHA 1600GM - PRICE MARK 2.99,Export
58144,HB Foods Dal Puri 454 gm (10pcs/pack)(454GX20ATC),Export
58145,HB Foods Aloo Puri 454gm (10p/pack(454GX20ATC),Export
58146,HB Foods Vegetable Samosa (10pc/Pack(400GX20ATC),Export
58147,HB Foods Mini Spring Roll (50PC/PACK(400GX20ATC),Export
58148,HB Foods Punjabi Samosa (900 G X 12 ATC),Export
58174,HB Food Pasty Sheet (16gm X 30pcs x 20 pack),Export
58175,ASHOKA FLAKY PLAIN PARATHA (80 GM X 20 PCSX6PACK),Export
58248,HUMZA VEG. SAMUSA 325G(32.5X10X10-WHITE PASTRY),Export
58249,HUMZA VEGETABLE SAMOSA 1500G(30X50X6-WHITE PASTRY),Export
58250,HUMZA VEG. SPRING ROLL 1500G(30X50X6-WHITE PASTRY),Export
58251,HUMZA VEG. SPRINGROLL 325G(32.5X10X10-WHITE PASTRY,Export
58276,OSI CLASSIC PUNJABI SAMOSA 75GMX25P BOX X 6 BOXES,Export
58282,Premium Deshi Style Shredded Coconut (300gX24pcs),Export
58289,HUMZA WHOLE WHEAT CHAPATI (360 GM X 12 PACK),Export
58385,HUMZA VEG SPRING ROLL 650G(32.5X20X10(WHITE PASTRY),Export
58461,HEYS GROUP VEGETABLES SAMOSA - 14.29GM X 70PCS,Export
58462,HEYS GROUP VEGETABLES SPRING ROLL- 14.29GM X 70PCS,Export
58471,7DAYS VEGETABLE SPRING ROLL 40GMX10 (400GMx20PCS),Export
58476,PREMIUMUM CLASSIC MINI Dal Puri (454gm X 20pcs),Export
58495,TAZ SINGARA (40 GM X 10 PCS)-(400GMX20 PACK),Export
58496,SHODESH PLAIN PARATHA 80 GM X 20P(1600 G x 6 PACK),Export
58497,SHODESH PLAIN PARATHA 80 GM X 30P(2400 G x 6 PACK),Export
58499,MEXIM PANJABI SAMOSA NORMAL 1500GM (75GMX 20PCS),Export
58573,NEPAL FOODS PARATHA 80 GMX18P(1440GX6(FAMILY PACK),Export
58574,NEPAL FOODS ALU PURI 45G X 10 PCS (450GMX10ATC),Export
58575,NEPAL FOODS DAL PURI 45G X 10 PCS (450GMX10ATC),Export
58577,NEPAL FOODS SPRING ROLL 8G X 50 PCS (400GMX10ATC),Export
58578,NEPAL FOODS PUNAJBI SAMUSA+SPRING ROLL450G Party PK,Export
58579,NEPAL FOODS RICE ROTI 40G X 10- (400 GM X 10 ATC),Export
58580,SHODESH FROZEN SATKORA (400 GM X 24 POUCH),Export
58581,SHODESH FROZEN POTOL (400 GM X 24 POUCH),Export
58582,SHODESH FROZEN JACKFRUIT SEED (400 GM X 24 POUCH),Export
58583,SHODESH FROZEN GREEN MANGO (400 GM X 24 POUCH),Export
58584,SHODESH FROZEN BEAN SEED (400 GM X 24 POUCH),Export
58585,SHODESH FROZEN KACHUR LATI (400 GM X 24 POUCH),Export
58586,SHODESH FROZEN KAKROL (400 GM X 24 POUCH),Export
58597,COLONEL KABABZ PLAIN PARATHA (80G X 30PCS X 6PACK),Export
58619,NEPAL FOODS PUNJABI SAMOSA 75 G-(900GM X10 ATC),Export
58702,SHAZANS VEG SPRING ROLL 650GM (32.5X20PCSX10 POUCH,Export
58707,SHAZANS PUNJABI SAMOSA 600 GM (20GMX30PCSX10PACK),Export
58708,SHAZANS PUNJABI SAMOSA 200GM (20GMX10PCSX8 ATC BOX,Export
58709,SHAZANS VEG SPRING ROLL 1650 GM,Export
58710,SHAZANS VEG SAMOSA 1650 GM (33 GM X 50) X 6 POUCH,Export
58711,SHAZANS VEG SAMUSA 650GM (32.5 X 20 PCS X 10 POUCH,Export
58876,MEXIM SINGLE BITE VEG SOMOSA 1000G(16.6G X 60 PCS),Export
59039,SHODESH FROZEN GREEN OLIVE(FOIL PACK(400GM X 24),Export
59099,HEYS GROUP VEGETABLES SAMOSA-14.29GX70P (NO CHILLI,Export
59100,HEYS GROUP VEG SPRING ROLL-14.29GX70P(NO CHILLI),Export
59101,PRAN FROZEN VEGTABLE GREEN OILIVE 300G X 24POUCH,Export
59102,PRAN FROZEN VEGTABLE KACHUR LATI 300G X 24POUCH,Export
59103,PRAN FROZEN VEGTABLE KACHUR MUKHI 300G X 24POUCH,Export
59144,HUMZA VEG. S ROLL(32.5GX20PX10 POUCH) (PM £ 2.49),Export
59145,HUMZA VEG. SAMUSA(32.5GX 20PX10 POUCH)-(PM £ 2.49),Export
59184,PRAN ALOO PURI 450G X 20 ATC BOX,Export
59185,PRAN DAL PURI 450G X 20 ATC BOX,Export
59186,PRAN FROZEN VEGTABLE GREEN CHILLI 300G X 24POUCH,Export
59187,PRAN VEGETABLE  SAMOSA 400G X 20 ATC BOX,Export
59188,PRAN VEGETABLE SINGARA 400G X 20 ATC BOX,Export
59260,MEXIM  SINGLE BITE VEGETABLES SPRING ROLL-1000GM,Export
59261,MEXIM  LUCHI 35G X 10PCS X 20ATC,Export
59265,Premium Classic Spring Roll (400g x 20pack)-Frozen,Export
59266,Premium Classic Kachur Lati(300g x 24 Pack)-Frozen,Export
59267,Premium Classic Lal Shak (300g x 24 Pack)-Frozen,Export
59268,Premium Classic Green Olive (300g x 24 Pack)-Frozen,Export
59269,Premium Classic Green Mango(300g x 24 Pack)-Frozen,Export
59270,Premium Classic Green Chilli(300g x 24Pack)-Frozen,Export
59272,HUMZA FIRECRACKERS COCKTAIL SAMOSA(1000GX6ATC)-FROZ,Export
59318,Crave Samosa (400g X 20pack )- Frozen,Export
59319,Crave Wholemeal Paratha (1600g X 6pouch)- Frozen,Export
59320,Crave Plain Paratha (2400g X 6pouch)- Frozen,Export
59321,Crave Spring Roll (400g X 20pack )- Frozen,Export
59338,Amina Plain Paratha (2000g X 6pack)- Frozen,Export
59346,Popular Spring Roll 400 gm(10 pcs/pack) Frozen,Export
59399,ZULEKHA WHOLE MEAL PARATHA (1440g X 6pack)- Frozen,Export
59400,ZULEKHA PLAIN PARATHA (1440g X 6pack)- Frozen,Export
59441,ASIANFOODS SPINACH SAMOSA(40gX10pcsX24pack)-Frozen,Export
59480,SHODESH SHEREDED COCONUT (400G X 24 PACK)- Frozen,Export
59546,SHAZANS PUNJABI SAMOSA(200gX10pcsX8ATC) W. OUT P.M,Export
59567,PRAN  LUCHI 35G X 10PCS X 20ATC,Export
59808,Premium Deshi Style Samosa (400g X 24pack ),Export
59809,Premium Deshi Style Singara (400g X 24pack ),Export
59810,Premium Deshi Style Spring Roll  (400g X 24pack),Export
59846,SHODESH FROZEN KACHUR MUKHI (400g X 24pack),Export
59847,SHODESH FROZEN GREEN DATA (400g X 24pack),Export
59848,SHODESH FROZEN LAL SHAK (300g X 24pack),Export
59857,Pran Chicken Samosa 240g (12Pcs) x 24pcs,Export
59858,Pran Mutton Samosa 240g (12Pcs) x 24pcs,Export
59859,Pran Plain Paratha 400g x 24pcs,Export
59860,Pran Vegetable Singara 40g x 10pcs x 20 box,Export
59861,Pran Vegetable Spring Roll 40g x 10pcs x 20 box,Export
59872,PRAN LoliIsland Yogut Pop(Ass Flv)18gx50pcsx10Poly,Export
59873,SHODESH FROZEN BEAN SEED (300GM X 24PACK),Export
59912,MEXIM ONION BHAJIS 20G X 10PCS X 20 PACK,Export
59913,MEXIM VEGETABLE PAKORA 20G X 10PCS X 20 PACK,Export
59914,MEXIM PEYAJU 35G X 10PCS X 20 PACK,Export
60118,Pran Aloo Puri 45.4g x 10pcs x 20 Pack,Export
60119,Pran Dal Puri 45.4g x 10pcs x 20 Pack,Export
60122,Pran Taza Frozen Vegetabl Bean Seed 300gx24Pouch,Export
60123,Pran Taza Frozen Vegetabl Data Shak 300gx24Pouch,Export
60124,Pran Taza Frozen Vegetabl Green Chili 300gx24Pouch,Export
60125,Pran Taza Frozen Vegetabl Lal Shak 300gx24Pouch,Export
60126,Pran Vegetable Punjabi Samosa 75g x 12pcs x 12 Pack,Export
60164,PRAN NOODLES (CHICKEN)-60G (5PCS X 12COMBO),Export
60274,PRAN Plain Paratha (70g X 30pcs X 6pack),Export
60275,JHATPAT Plain Paratha (70g X 30pcs X 6pack),Export
60453,Jhatpot Vegetable Samosa 40g x 10pcs x 20 box,Export
